1,zIwMVwPDsLbdvPhQNBWkmXdUcJrszZLJXqUOGNQoFajACymhXhunykiUZnSOfShTISXvbIqOtFwFeLTlxEANdquWexSPxBXtvFdjKhLT
2,nzUIRKhrHbAVZoVnUVdrNXghjwJlGbHNAtvmyDPMEuRfCQiyYPrfXnGJcPjfuQwPNOoWzWmwZKmeENdsGghLtOHsVLpOqAnfNODdT
3,LSvxlUvBRzNyVfylnIscvbnLRJzROzIHEvRcIvDhdDsmhXwxUXpCxexKpQwPJKhiwbfayJFwxtfTqzZoFgIjshHuYSGZKuqadEVZ
4,SmxatYOGCzrTDjMLCvTcIpxqCsfYzuhdNsjLyPnsPQFtLizKNCsXucpRwOQexfzsvdhSkifgXdsPKLlNHPEgDwScRWlOLAPhaHTM
5,khTnvhmfxwlzOSwexDxJvUeEjssDbdCZoxEsVmNlDXhPyrzwVAtzaxNFxZhwjRQOXGZUeALyYwaFIaVjPecjkCdNHxnmVjRFhbIH
6,KzRQhEYFEyKjsFjLDVktlXcoUeXZuMIqMzeOwrPPFyUGxfDqtHwGvCkWOrODdDHNNphCQvQNuIapvBglwvqOMtJWuYKluwBEeFQ
7,QjkUJDMNNZlGVfdqPnbFbMlfyHJlsqBceWCDgWRCIzCQlLwzkwKGEwuTJhYIJysgBDhPCGcUdWlSTQpmVVvWwnJtrqBGvTPdjiyI
8,yeQxYHVVHBFLKZzwUGMOOwNgkZLMLgPXszBFOJezHsxPqGluTjDXUqQkElgxzBKWxdvZcvcYCSjQiCDbUNzBTTXuqrdvUEKxnVri
9,NtvfSlnSjZMNfyDIQUfEXioJGgRjOqUARFyJcRqqgjPxCSToAIovFYPZzzlzFOCPJduKxDvynvBgHccvFzicVpSpmUyBZqiyTkQ
10,RwxEUZaEmmYrAElNmAacmHuJuGdQBZtlDBtrrrxRslHeLxVOOcvZfHqCzBNTLcfZJrXuZlznkKzWbbpCPbLQAVqIltzQiKszDGR
11,yMmHEUqTjBVDcbtFHzWwtXVlDZepQpjRpNDkOMkdwqxRytiwNEvCqFqzruDcdtlzpMqldMpHtfKKDFGjncwkKKeMqtoxEGDZkRA
12,VyDbzZZHYicjjBkKzQiXjuRLJZPKicfGogKfPBeJzyQFReXlCZKZsTwGHfESpVTqZNCsmEFgHpPmKyMrOSFidQlGkXHggpmbyJ
13,beybUNhCqTQeHKwemHXRKJPKzWvcprcgdZqOzoSRmJQjMqKpEpHkubLLhfjcXOGtrCmhwzezRmTPvINOBxlksfxCSbkQlLaNTdA
14,ZYedRwQpCrsXOJdKqQZbKAmDYfWTKTFmHouAQwMgHjOwskXgnqXtiJXFjlmEByidNRvBTTzGXZNXjveBBzgPcQBMaUDnBZVTEZ
15,VbORCQEKefOmLMKAMCjaXYoPAGvEoHztpZBDXbGjYOizIvqNsHEMnGqWzlwKdSPHqMmDnlzTufHTNwvBpUNJyJAxrJPoqNqSlr
1,zIwMVwPDsLbdvPhQNBWkmXdUcJrszZLJXqUOGNQoFajACymhXhunykiUZnSOfShTISXvbIqOtFwFeLTlxEANdquWexSPxBXtvFdjKhLT
2,nzUIRKhrHbAVZoVnUVdrNXghjwJlGbHNAtvmyDPMEuRfCQiyYPrfXnGJcPjfuQwPNOoWzWmwZKmeENdsGghLtOHsVLpOqAnfNODdT
3,LSvxlUvBRzNyVfylnIscvbnLRJzROzIHEvRcIvDhdDsmhXwxUXpCxexKpQwPJKhiwbfayJFwxtfTqzZoFgIjshHuYSGZKuqadEVZ
4,SmxatYOGCzrTDjMLCvTcIpxqCsfYzuhdNsjLyPnsPQFtLizKNCsXucpRwOQexfzsvdhSkifgXdsPKLlNHPEgDwScRWlOLAPhaHTM
5,khTnvhmfxwlzOSwexDxJvUeEjssDbdCZoxEsVmNlDXhPyrzwVAtzaxNFxZhwjRQOXGZUeALyYwaFIaVjPecjkCdNHxnmVjRFhbIH
6,KzRQhEYFEyKjsFjLDVktlXcoUeXZuMIqMzeOwrPPFyUGxfDqtHwGvCkWOrODdDHNNphCQvQNuIapvBglwvqOMtJWuYKluwBEeFQ
7,QjkUJDMNNZlGVfdqPnbFbMlfyHJlsqBceWCDgWRCIzCQlLwzkwKGEwuTJhYIJysgBDhPCGcUdWlSTQpmVVvWwnJtrqBGvTPdjiyI
8,yeQxYHVVHBFLKZzwUGMOOwNgkZLMLgPXszBFOJezHsxPqGluTjDXUqQkElgxzBKWxdvZcvcYCSjQiCDbUNzBTTXuqrdvUEKxnVri
9,NtvfSlnSjZMNfyDIQUfEXioJGgRjOqUARFyJcRqqgjPxCSToAIovFYPZzzlzFOCPJduKxDvynvBgHccvFzicVpSpmUyBZqiyTkQ
10,RwxEUZaEmmYrAElNmAacmHuJuGdQBZtlDBtrrrxRslHeLxVOOcvZfHqCzBNTLcfZJrXuZlznkKzWbbpCPbLQAVqIltzQiKszDGR
11,yMmHEUqTjBVDcbtFHzWwtXVlDZepQpjRpNDkOMkdwqxRytiwNEvCqFqzruDcdtlzpMqldMpHtfKKDFGjncwkKKeMqtoxEGDZkRA
12,VyDbzZZHYicjjBkKzQiXjuRLJZPKicfGogKfPBeJzyQFReXlCZKZsTwGHfESpVTqZNCsmEFgHpPmKyMrOSFidQlGkXHggpmbyJ
13,beybUNhCqTQeHKwemHXRKJPKzWvcprcgdZqOzoSRmJQjMqKpEpHkubLLhfjcXOGtrCmhwzezRmTPvINOBxlksfxCSbkQlLaNTdA
14,ZYedRwQpCrsXOJdKqQZbKAmDYfWTKTFmHouAQwMgHjOwskXgnqXtiJXFjlmEByidNRvBTTzGXZNXjveBBzgPcQBMaUDnBZVTEZ
15,VbORCQEKefOmLMKAMCjaXYoPAGvEoHztpZBDXbGjYOizIvqNsHEMnGqWzlwKdSPHqMmDnlzTufHTNwvBpUNJyJAxrJPoqNqSlr
1,zIwMVwPDsLbdvPhQNBWkmXdUcJrszZLJXqUOGNQoFajACymhXhunykiUZnSOfShTISXvbIqOtFwFeLTlxEANdquWexSPxBXtvFdjKhLT
2,nzUIRKhrHbAVZoVnUVdrNXghjwJlGbHNAtvmyDPMEuRfCQiyYPrfXnGJcPjfuQwPNOoWzWmwZKmeENdsGghLtOHsVLpOqAnfNODdT
3,LSvxlUvBRzNyVfylnIscvbnLRJzROzIHEvRcIvDhdDsmhXwxUXpCxexKpQwPJKhiwbfayJFwxtfTqzZoFgIjshHuYSGZKuqadEVZ
4,SmxatYOGCzrTDjMLCvTcIpxqCsfYzuhdNsjLyPnsPQFtLizKNCsXucpRwOQexfzsvdhSkifgXdsPKLlNHPEgDwScRWlOLAPhaHTM
5,khTnvhmfxwlzOSwexDxJvUeEjssDbdCZoxEsVmNlDXhPyrzwVAtzaxNFxZhwjRQOXGZUeALyYwaFIaVjPecjkCdNHxnmVjRFhbIH
6,KzRQhEYFEyKjsFjLDVktlXcoUeXZuMIqMzeOwrPPFyUGxfDqtHwGvCkWOrODdDHNNphCQvQNuIapvBglwvqOMtJWuYKluwBEeFQ
7,QjkUJDMNNZlGVfdqPnbFbMlfyHJlsqBceWCDgWRCIzCQlLwzkwKGEwuTJhYIJysgBDhPCGcUdWlSTQpmVVvWwnJtrqBGvTPdjiyI
8,yeQxYHVVHBFLKZzwUGMOOwNgkZLMLgPXszBFOJezHsxPqGluTjDXUqQkElgxzBKWxdvZcvcYCSjQiCDbUNzBTTXuqrdvUEKxnVri
9,NtvfSlnSjZMNfyDIQUfEXioJGgRjOqUARFyJcRqqgjPxCSToAIovFYPZzzlzFOCPJduKxDvynvBgHccvFzicVpSpmUyBZqiyTkQ
10,RwxEUZaEmmYrAElNmAacmHuJuGdQBZtlDBtrrrxRslHeLxVOOcvZfHqCzBNTLcfZJrXuZlznkKzWbbpCPbLQAVqIltzQiKszDGR
11,yMmHEUqTjBVDcbtFHzWwtXVlDZepQpjRpNDkOMkdwqxRytiwNEvCqFqzruDcdtlzpMqldMpHtfKKDFGjncwkKKeMqtoxEGDZkRA
12,VyDbzZZHYicjjBkKzQiXjuRLJZPKicfGogKfPBeJzyQFReXlCZKZsTwGHfESpVTqZNCsmEFgHpPmKyMrOSFidQlGkXHggpmbyJ
13,beybUNhCqTQeHKwemHXRKJPKzWvcprcgdZqOzoSRmJQjMqKpEpHkubLLhfjcXOGtrCmhwzezRmTPvINOBxlksfxCSbkQlLaNTdA
14,ZYedRwQpCrsXOJdKqQZbKAmDYfWTKTFmHouAQwMgHjOwskXgnqXtiJXFjlmEByidNRvBTTzGXZNXjveBBzgPcQBMaUDnBZVTEZ
15,VbORCQEKefOmLMKAMCjaXYoPAGvEoHztpZBDXbGjYOizIvqNsHEMnGqWzlwKdSPHqMmDnlzTufHTNwvBpUNJyJAxrJPoqNqSlr
1,zIwMVwPDsLbdvPhQNBWkmXdUcJrszZLJXqUOGNQoFajACymhXhunykiUZnSOfShTISXvbIqOtFwFeLTlxEANdquWexSPxBXtvFdjKhLT
2,nzUIRKhrHbAVZoVnUVdrNXghjwJlGbHNAtvmyDPMEuRfCQiyYPrfXnGJcPjfuQwPNOoWzWmwZKmeENdsGghLtOHsVLpOqAnfNODdT
3,LSvxlUvBRzNyVfylnIscvbnLRJzROzIHEvRcIvDhdDsmhXwxUXpCxexKpQwPJKhiwbfayJFwxtfTqzZoFgIjshHuYSGZKuqadEVZ
4,SmxatYOGCzrTDjMLCvTcIpxqCsfYzuhdNsjLyPnsPQFtLizKNCsXucpRwOQexfzsvdhSkifgXdsPKLlNHPEgDwScRWlOLAPhaHTM
5,khTnvhmfxwlzOSwexDxJvUeEjssDbdCZoxEsVmNlDXhPyrzwVAtzaxNFxZhwjRQOXGZUeALyYwaFIaVjPecjkCdNHxnmVjRFhbIH
6,KzRQhEYFEyKjsFjLDVktlXcoUeXZuMIqMzeOwrPPFyUGxfDqtHwGvCkWOrODdDHNNphCQvQNuIapvBglwvqOMtJWuYKluwBEeFQ
7,QjkUJDMNNZlGVfdqPnbFbMlfyHJlsqBceWCDgWRCIzCQlLwzkwKGEwuTJhYIJysgBDhPCGcUdWlSTQpmVVvWwnJtrqBGvTPdjiyI
8,yeQxYHVVHBFLKZzwUGMOOwNgkZLMLgPXszBFOJezHsxPqGluTjDXUqQkElgxzBKWxdvZcvcYCSjQiCDbUNzBTTXuqrdvUEKxnVri
9,NtvfSlnSjZMNfyDIQUfEXioJGgRjOqUARFyJcRqqgjPxCSToAIovFYPZzzlzFOCPJduKxDvynvBgHccvFzicVpSpmUyBZqiyTkQ
10,RwxEUZaEmmYrAElNmAacmHuJuGdQBZtlDBtrrrxRslHeLxVOOcvZfHqCzBNTLcfZJrXuZlznkKzWbbpCPbLQAVqIltzQiKszDGR
11,yMmHEUqTjBVDcbtFHzWwtXVlDZepQpjRpNDkOMkdwqxRytiwNEvCqFqzruDcdtlzpMqldMpHtfKKDFGjncwkKKeMqtoxEGDZkRA
12,VyDbzZZHYicjjBkKzQiXjuRLJZPKicfGogKfPBeJzyQFReXlCZKZsTwGHfESpVTqZNCsmEFgHpPmKyMrOSFidQlGkXHggpmbyJ
13,beybUNhCqTQeHKwemHXRKJPKzWvcprcgdZqOzoSRmJQjMqKpEpHkubLLhfjcXOGtrCmhwzezRmTPvINOBxlksfxCSbkQlLaNTdA
14,ZYedRwQpCrsXOJdKqQZbKAmDYfWTKTFmHouAQwMgHjOwskXgnqXtiJXFjlmEByidNRvBTTzGXZNXjveBBzgPcQBMaUDnBZVTEZ
15,VbORCQEKefOmLMKAMCjaXYoPAGvEoHztpZBDXbGjYOizIvqNsHEMnGqWzlwKdSPHqMmDnlzTufHTNwvBpUNJyJAxrJPoqNqSlr
1,zIwMVwPDsLbdvPhQNBWkmXdUcJrszZLJXqUOGNQoFajACymhXhunykiUZnSOfShTISXvbIqOtFwFeLTlxEANdquWexSPxBXtvFdjKhLT
2,nzUIRKhrHbAVZoVnUVdrNXghjwJlGbHNAtvmyDPMEuRfCQiyYPrfXnGJcPjfuQwPNOoWzWmwZKmeENdsGghLtOHsVLpOqAnfNODdT
3,LSvxlUvBRzNyVfylnIscvbnLRJzROzIHEvRcIvDhdDsmhXwxUXpCxexKpQwPJKhiwbfayJFwxtfTqzZoFgIjshHuYSGZKuqadEVZ
4,SmxatYOGCzrTDjMLCvTcIpxqCsfYzuhdNsjLyPnsPQFtLizKNCsXucpRwOQexfzsvdhSkifgXdsPKLlNHPEgDwScRWlOLAPhaHTM
5,khTnvhmfxwlzOSwexDxJvUeEjssDbdCZoxEsVmNlDXhPyrzwVAtzaxNFxZhwjRQOXGZUeALyYwaFIaVjPecjkCdNHxnmVjRFhbIH
6,KzRQhEYFEyKjsFjLDVktlXcoUeXZuMIqMzeOwrPPFyUGxfDqtHwGvCkWOrODdDHNNphCQvQNuIapvBglwvqOMtJWuYKluwBEeFQ
7,QjkUJDMNNZlGVfdqPnbFbMlfyHJlsqBceWCDgWRCIzCQlLwzkwKGEwuTJhYIJysgBDhPCGcUdWlSTQpmVVvWwnJtrqBGvTPdjiyI
8,yeQxYHVVHBFLKZzwUGMOOwNgkZLMLgPXszBFOJezHsxPqGluTjDXUqQkElgxzBKWxdvZcvcYCSjQiCDbUNzBTTXuqrdvUEKxnVri
9,NtvfSlnSjZMNfyDIQUfEXioJGgRjOqUARFyJcRqqgjPxCSToAIovFYPZzzlzFOCPJduKxDvynvBgHccvFzicVpSpmUyBZqiyTkQ
10,RwxEUZaEmmYrAElNmAacmHuJuGdQBZtlDBtrrrxRslHeLxVOOcvZfHqCzBNTLcfZJrXuZlznkKzWbbpCPbLQAVqIltzQiKszDGR
11,yMmHEUqTjBVDcbtFHzWwtXVlDZepQpjRpNDkOMkdwqxRytiwNEvCqFqzruDcdtlzpMqldMpHtfKKDFGjncwkKKeMqtoxEGDZkRA
12,VyDbzZZHYicjjBkKzQiXjuRLJZPKicfGogKfPBeJzyQFReXlCZKZsTwGHfESpVTqZNCsmEFgHpPmKyMrOSFidQlGkXHggpmbyJ
13,beybUNhCqTQeHKwemHXRKJPKzWvcprcgdZqOzoSRmJQjMqKpEpHkubLLhfjcXOGtrCmhwzezRmTPvINOBxlksfxCSbkQlLaNTdA
14,ZYedRwQpCrsXOJdKqQZbKAmDYfWTKTFmHouAQwMgHjOwskXgnqXtiJXFjlmEByidNRvBTTzGXZNXjveBBzgPcQBMaUDnBZVTEZ
15,VbORCQEKefOmLMKAMCjaXYoPAGvEoHztpZBDXbGjYOizIvqNsHEMnGqWzlwKdSPHqMmDnlzTufHTNwvBpUNJyJAxrJPoqNqSlr
1,zIwMVwPDsLbdvPhQNBWkmXdUcJrszZLJXqUOGNQoFajACymhXhunykiUZnSOfShTISXvbIqOtFwFeLTlxEANdquWexSPxBXtvFdjKhLT
2,nzUIRKhrHbAVZoVnUVdrNXghjwJlGbHNAtvmyDPMEuRfCQiyYPrfXnGJcPjfuQwPNOoWzWmwZKmeENdsGghLtOHsVLpOqAnfNODdT
3,LSvxlUvBRzNyVfylnIscvbnLRJzROzIHEvRcIvDhdDsmhXwxUXpCxexKpQwPJKhiwbfayJFwxtfTqzZoFgIjshHuYSGZKuqadEVZ
4,SmxatYOGCzrTDjMLCvTcIpxqCsfYzuhdNsjLyPnsPQFtLizKNCsXucpRwOQexfzsvdhSkifgXdsPKLlNHPEgDwScRWlOLAPhaHTM
5,khTnvhmfxwlzOSwexDxJvUeEjssDbdCZoxEsVmNlDXhPyrzwVAtzaxNFxZhwjRQOXGZUeALyYwaFIaVjPecjkCdNHxnmVjRFhbIH
6,KzRQhEYFEyKjsFjLDVktlXcoUeXZuMIqMzeOwrPPFyUGxfDqtHwGvCkWOrODdDHNNphCQvQNuIapvBglwvqOMtJWuYKluwBEeFQ
7,QjkUJDMNNZlGVfdqPnbFbMlfyHJlsqBceWCDgWRCIzCQlLwzkwKGEwuTJhYIJysgBDhPCGcUdWlSTQpmVVvWwnJtrqBGvTPdjiyI
8,yeQxYHVVHBFLKZzwUGMOOwNgkZLMLgPXszBFOJezHsxPqGluTjDXUqQkElgxzBKWxdvZcvcYCSjQiCDbUNzBTTXuqrdvUEKxnVri
9,NtvfSlnSjZMNfyDIQUfEXioJGgRjOqUARFyJcRqqgjPxCSToAIovFYPZzzlzFOCPJduKxDvynvBgHccvFzicVpSpmUyBZqiyTkQ
10,RwxEUZaEmmYrAElNmAacmHuJuGdQBZtlDBtrrrxRslHeLxVOOcvZfHqCzBNTLcfZJrXuZlznkKzWbbpCPbLQAVqIltzQiKszDGR
11,yMmHEUqTjBVDcbtFHzWwtXVlDZepQpjRpNDkOMkdwqxRytiwNEvCqFqzruDcdtlzpMqldMpHtfKKDFGjncwkKKeMqtoxEGDZkRA
12,VyDbzZZHYicjjBkKzQiXjuRLJZPKicfGogKfPBeJzyQFReXlCZKZsTwGHfESpVTqZNCsmEFgHpPmKyMrOSFidQlGkXHggpmbyJ
13,beybUNhCqTQeHKwemHXRKJPKzWvcprcgdZqOzoSRmJQjMqKpEpHkubLLhfjcXOGtrCmhwzezRmTPvINOBxlksfxCSbkQlLaNTdA
14,ZYedRwQpCrsXOJdKqQZbKAmDYfWTKTFmHouAQwMgHjOwskXgnqXtiJXFjlmEByidNRvBTTzGXZNXjveBBzgPcQBMaUDnBZVTEZ
15,VbORCQEKefOmLMKAMCjaXYoPAGvEoHztpZBDXbGjYOizIvqNsHEMnGqWzlwKdSPHqMmDnlzTufHTNwvBpUNJyJAxrJPoqNqSlr
1,zIwMVwPDsLbdvPhQNBWkmXdUcJrszZLJXqUOGNQoFajACymhXhunykiUZnSOfShTISXvbIqOtFwFeLTlxEANdquWexSPxBXtvFdjKhLT
2,nzUIRKhrHbAVZoVnUVdrNXghjwJlGbHNAtvmyDPMEuRfCQiyYPrfXnGJcPjfuQwPNOoWzWmwZKmeENdsGghLtOHsVLpOqAnfNODdT
3,LSvxlUvBRzNyVfylnIscvbnLRJzROzIHEvRcIvDhdDsmhXwxUXpCxexKpQwPJKhiwbfayJFwxtfTqzZoFgIjshHuYSGZKuqadEVZ
4,SmxatYOGCzrTDjMLCvTcIpxqCsfYzuhdNsjLyPnsPQFtLizKNCsXucpRwOQexfzsvdhSkifgXdsPKLlNHPEgDwScRWlOLAPhaHTM
5,khTnvhmfxwlzOSwexDxJvUeEjssDbdCZoxEsVmNlDXhPyrzwVAtzaxNFxZhwjRQOXGZUeALyYwaFIaVjPecjkCdNHxnmVjRFhbIH
6,KzRQhEYFEyKjsFjLDVktlXcoUeXZuMIqMzeOwrPPFyUGxfDqtHwGvCkWOrODdDHNNphCQvQNuIapvBglwvqOMtJWuYKluwBEeFQ
7,QjkUJDMNNZlGVfdqPnbFbMlfyHJlsqBceWCDgWRCIzCQlLwzkwKGEwuTJhYIJysgBDhPCGcUdWlSTQpmVVvWwnJtrqBGvTPdjiyI
8,yeQxYHVVHBFLKZzwUGMOOwNgkZLMLgPXszBFOJezHsxPqGluTjDXUqQkElgxzBKWxdvZcvcYCSjQiCDbUNzBTTXuqrdvUEKxnVri
9,NtvfSlnSjZMNfyDIQUfEXioJGgRjOqUARFyJcRqqgjPxCSToAIovFYPZzzlzFOCPJduKxDvynvBgHccvFzicVpSpmUyBZqiyTkQ
10,RwxEUZaEmmYrAElNmAacmHuJuGdQBZtlDBtrrrxRslHeLxVOOcvZfHqCzBNTLcfZJrXuZlznkKzWbbpCPbLQAVqIltzQiKszDGR